date,implied_median,implied_mean,iqr_p25,iqr_p75,confidence_tier,>$1T,>$1.2T,>$1.4T,>$1.6T,>$1.8T,>$2T,>$2.2T,>$2.4T,>$2.6T,>$2.8T,>$3T,>$3.2T,>$3.4T,>$3.6T,>$3.8T,>$4T
2025-12-12,1.1828571428571428,1.5804999999999998,,,low,0.58,0.4925,0.4925,0.475,0.43,0.415,,,,,,,,,,
2025-12-13,1.1835820895522386,1.50175,,,low,0.705,0.48166666666666663,0.48166666666666663,0.48166666666666663,0.27,0.265,,,,,,,,,,
2025-12-14,1.1521739130434783,1.4252500000000001,,,low,0.675,0.445,0.37,0.315,0.265,0.255,,,,,,,,,,
2025-12-15,1.1132075471698113,1.3402500000000002,,1.6727272727272728,low,0.65,0.385,0.385,0.3,0.1625,0.1625,,,,,,,,,,
2025-12-16,1.1125,1.31225,,1.5375,low,0.635,0.395,0.36,0.2,0.2,0.145,,,,,,,,,,
2025-12-17,1.093913043478261,1.28975,,1.5733333333333335,low,0.635,0.34750000000000003,0.34750000000000003,0.235,0.15,0.13,,,,,,,,,,
2025-12-18,1.1169811320754717,1.29625,,1.575,low,0.655,0.39,0.355,0.235,0.145,0.115,,,,,,,,,,
2025-12-19,1.1192307692307693,1.29325,,1.576,low,0.655,0.395,0.36,0.235,0.145,0.105,,,,,,,,,,
2025-12-20,1.1215686274509804,1.29525,,1.5769230769230769,low,0.655,0.4,0.365,0.235,0.145,0.105,,,,,,,,,,
2025-12-21,1.2826086956521738,1.3192499999999998,,1.5769230769230769,low,0.685,0.595,0.365,0.235,0.145,0.06,,,,,,,,,,
2025-12-22,1.188235294117647,1.3125,,1.5666666666666667,low,0.74,0.485,0.35,0.23,0.135,0.075,,,,,,,,,,
2025-12-23,1.2461538461538462,1.31375,,1.5538461538461539,low,0.685,0.545,0.35,0.22,0.135,0.085,,,,,,,,,,
2025-12-24,1.2390243902439024,1.30475,,1.5478260869565217,low,0.685,0.54,0.335,0.22,0.135,0.075,,,,,,,,,,
2025-12-25,1.2149999999999999,1.2825,,1.5130434782608695,low,0.69,0.515,0.315,0.2,0.12,0.06,,,,,,,,,,
2025-12-26,1.2620689655172412,1.2877499999999997,,1.48,low,0.695,0.59,0.3,0.175,0.105,0.06,,,,,,,,,,
2025-12-27,1.222222222222222,1.2622499999999999,,1.4833333333333334,low,0.675,0.525,0.3,0.18,0.1,0.045,,,,,,,,,,
2025-12-28,1.213953488372093,1.2632500000000002,,1.490909090909091,low,0.675,0.515,0.3,0.19,0.105,0.045,,,,,,,,,,
2025-12-29,1.2266666666666666,1.26825,,1.5,low,0.675,0.53,0.305,0.195,0.105,0.045,,,,,,,,,,
2025-12-30,1.2181818181818183,1.26775,,1.4869565217391305,low,0.665,0.52,0.3,0.185,0.115,0.055,,,,,,,,,,
2025-12-31,1.2048780487804878,1.2657500000000002,,1.490909090909091,low,0.665,0.505,0.3,0.19,0.115,0.055,,,,,,,,,,
2026-01-01,1.2048780487804878,1.2682499999999999,,1.490909090909091,low,0.665,0.505,0.3,0.19,0.115,0.06,,,,,,,,,,
2026-01-02,1.2177777777777778,1.2719999999999998,,1.4818181818181817,low,0.67,0.52,0.295,0.185,0.11,0.065,,,,,,,,,,
2026-01-03,1.2454545454545454,1.2849999999999997,,1.510344827586207,low,0.67,0.55,0.33,0.185,0.11,0.065,,,,,,,,,,
2026-01-04,1.2578947368421052,1.2952499999999998,,1.5314285714285714,low,0.675,0.555,0.365,0.19,0.11,0.065,,,,,,,,,,
2026-01-05,1.255,1.29425,,1.54,low,0.675,0.555,0.355,0.205,0.1,0.065,,,,,,,,,,
2026-01-06,1.2512820512820513,1.3285,,1.55,low,0.675,0.55,0.355,0.215,0.1225,0.1225,,,,,,,,,,
2026-01-07,1.2651162790697674,1.3139999999999998,,1.590909090909091,low,0.69,0.57,0.355,0.245,0.1,0.075,,,,,,,,,,
2026-01-08,1.248780487804878,1.3179999999999998,,1.59,low,0.68,0.55,0.345,0.245,0.1,0.1,,,,,,,,,,
2026-01-09,1.2536585365853659,1.3215,,1.5818181818181818,low,0.69,0.555,0.35,0.24,0.1,0.1,,,,,,,,,,
2026-01-10,1.2449999999999999,1.3025,,1.580952380952381,low,0.69,0.545,0.345,0.24,0.095,0.07,,,,,,,,,,
2026-01-11,1.241025641025641,1.3047499999999999,,1.59,low,0.685,0.54,0.345,0.245,0.1,0.075,,,,,,,,,,
2026-01-12,1.25,1.313,,1.5818181818181818,low,0.7,0.55,0.35,0.24,0.1,0.08,,,,,,,,,,
2026-01-13,1.2636363636363634,1.3235,,1.5739130434782609,low,0.73,0.57,0.35,0.235,0.1,0.08,,,,,,,,,,
2026-01-14,1.2636363636363634,1.3264999999999998,1,1.5739130434782609,low,0.75,0.57,0.35,0.235,0.09,0.08,,,,,,,,,,
2026-01-15,1.2432432432432432,1.3335,1.025,1.575,low,0.78,0.54,0.355,0.235,0.1,0.085,,,,,,,,,,
2026-01-16,1.2727272727272727,1.3642499999999997,1.0885245901639344,1.562962962962963,low,0.885,0.58,0.36,0.225,0.1,0.08,,,,,,,,,,
2026-01-17,1.26,1.35025,1.0618181818181818,1.562962962962963,low,0.835,0.56,0.36,0.225,0.1,0.085,,,,,,,,,,
2026-01-18,1.27,1.4187499999999997,1.0588235294117647,1.676923076923077,low,0.825,0.57,0.37,0.275,0.21,0.155,,,,,,,,,,
2026-01-19,1.2818181818181817,1.4035,1.0666666666666667,1.6384615384615386,low,0.83,0.59,0.37,0.275,0.145,0.14,,,,,,,,,,
2026-01-20,1.2893617021276595,1.3907500000000002,1.0681818181818181,1.635714285714286,low,0.825,0.605,0.37,0.275,0.135,0.115,,,,,,,,,,
2026-01-21,1.2958333333333332,1.39925,1.065,1.6444444444444446,low,0.815,0.615,0.375,0.28,0.145,0.125,,,,,,,,,,
2026-01-22,1.310204081632653,1.41,1.0756756756756756,1.6615384615384616,low,0.82,0.635,0.39,0.29,0.16,0.12,,,,,,,,,,
2026-01-23,1.3391304347826085,1.4417499999999999,1.0838709677419354,1.7,low,0.815,0.66,0.43,0.29,0.21,0.14,,,,,,,,,,
2026-01-24,1.334782608695652,1.43875,1.088235294117647,1.7153846153846155,low,0.825,0.655,0.425,0.325,0.195,0.125,,,,,,,,,,
2026-01-25,1.3434782608695652,1.44175,1.09375,1.7142857142857144,low,0.825,0.665,0.435,0.31,0.205,0.125,,,,,,,,,,
2026-01-26,1.3545454545454545,1.4652499999999997,1.089655172413793,1.75,low,0.815,0.67,0.45,0.325,0.225,0.155,,,,,,,,,,
2026-01-27,1.3641025641025641,1.4867499999999998,1.0758620689655172,1.848,low,0.805,0.66,0.465,0.385,0.28,0.155,,,,,,,,,,
2026-01-28,1.353488372093023,1.4827499999999998,1.0785714285714287,1.8272727272727274,low,0.805,0.665,0.45,0.39,0.265,0.155,,,,,,,,,,
2026-01-29,1.3590909090909091,1.48325,1.0928571428571427,1.8380952380952382,low,0.815,0.675,0.455,0.335,0.27,0.165,,,,,,,,,,
2026-01-30,1.3627906976744186,1.45425,1.0125,1.809090909090909,low,0.755,0.675,0.46,0.325,0.255,0.145,,,,,,,,,,
2026-01-31,1.3499999999999999,1.4722499999999998,1.011111111111111,1.8333333333333335,low,0.755,0.665,0.445,0.355,0.265,0.175,,,,,,,,,,
2026-02-01,1.388235294117647,1.488,1.02,1.8526315789473684,low,0.76,0.66,0.49,0.365,0.275,0.18,,,,,,,,,,
2026-02-02,1.3828571428571428,1.50925,1.0434782608695652,1.8923076923076925,low,0.775,0.66,0.485,0.365,0.28,0.215,,,,,,,,,,
2026-02-03,1.4533333333333334,1.5502500000000001,1.1071428571428572,1.9200000000000002,low,0.825,0.685,0.54,0.39,0.28,0.23,,,,,,,,,,
2026-02-04,1.5315789473684212,2.0318,1.2717948717948717,,medium,0.85,0.82,0.625,0.435,0.34900000000000003,0.34900000000000003,0.34900000000000003,0.34900000000000003,,,0.34900000000000003,,,,,
2026-02-05,1.4173913043478261,1.66925,1.161111111111111,1.94,medium,0.895,0.715,0.51,0.395,0.285,0.235,0.165,0.135,,,0.115,,,,,
2026-02-06,1.4307692307692308,1.61875,1.1727272727272726,2.0285714285714285,medium,0.845,0.735,0.52,0.39,0.3,0.275,0.1,0.085,,,0.085,,,,,
2026-02-07,1.4733333333333334,1.6252499999999999,1.205,1.957142857142857,medium,0.855,0.755,0.555,0.405,0.305,0.235,0.1,0.095,,,0.075,,,,,
2026-02-08,1.5130434782608695,1.6847500000000002,1.2195121951219512,2.0875,medium,0.865,0.77,0.565,0.45,0.365,0.285,0.205,0.095,,,0.075,,,,,
2026-02-09,1.5642857142857143,1.8127499999999999,1.23125,2.4545454545454546,medium,0.875,0.775,0.615,0.475,0.405,0.385,0.2675,0.2675,,,0.075,,,,,
2026-02-10,1.8,1.8532499999999996,1.2999999999999998,2.34375,medium,0.875,0.805,0.695,0.52,0.5,0.365,0.365,0.205,,,0.075,,,,,
2026-02-11,1.8894736842105264,1.93075,1.4137931034482758,2.393333333333333,medium,0.875,0.79,0.76,0.615,0.585,0.395,0.395,0.245,,,0.08,,,,,
2026-02-12,1.9052631578947368,1.99675,1.24,2.6953846153846155,medium,0.865,0.755,0.73,0.63,0.6,0.41,0.41,0.41,,,0.085,,,,,
2026-02-13,1.8871794871794871,1.92025,1.2666666666666666,2.325,medium,0.865,0.76,0.73,0.605,0.585,0.39,0.275,0.235,,,0.13,,,,,
2026-02-14,1.825,1.84175,1.2666666666666666,2.1526315789473687,medium,0.865,0.765,0.72,0.585,0.515,0.395,0.205,0.18,,,0.095,,,,,
2026-02-15,1.9333333333333333,1.8952499999999999,1.3517241379310343,2.217391304347826,medium,0.875,0.86,0.715,0.64,0.57,0.465,0.26,0.145,,,0.095,,,,,
2026-02-16,1.9333333333333333,1.914,1.3777777777777778,2.22962962962963,medium,0.91,0.91,0.73,0.635,0.57,0.465,0.27,0.135,,,0.095,,,,,
2026-02-17,1.96,1.915,1.4,2.238095238095238,medium,0.87,0.85,0.75,0.66,0.56,0.485,0.27,0.165,,,0.095,,,,,
2026-02-18,1.7292307692307693,1.9514999999999998,1.424242424242424,2.3743589743589744,medium,0.87,0.835,0.77,0.605,0.4425,0.4425,0.42,0.225,,,0.13,,,,,
2026-02-19,1.9333333333333333,1.9807500000000002,1.424,2.3473684210526318,medium,0.875,0.845,0.765,0.64,0.53,0.485,0.32,0.225,,,0.15,,,,,
2026-02-20,1.842857142857143,1.9480000000000002,1.4153846153846152,2.3230769230769233,medium,0.9,0.855,0.76,0.63,0.515,0.445,0.29,0.225,,,0.12,,,,,
2026-02-21,1.8800000000000001,1.9795,1.4,2.394871794871795,medium,0.9,0.825,0.75,0.6,0.54,0.44,0.44,0.245,,,0.125,,,,,
2026-02-22,1.8540540540540542,1.87475,1.3818181818181818,2.184,medium,0.885,0.8,0.745,0.61,0.55,0.365,0.24,0.135,,,0.125,,,,,
2026-02-23,1.7485714285714287,1.9327500000000002,1.3866666666666665,2.488888888888889,medium,0.885,0.82,0.745,0.63,0.455,0.36,0.285,0.27,,,0.135,,,,,
2026-02-24,1.8214285714285714,1.938,1.3399999999999999,2.503448275862069,medium,0.88,0.82,0.72,0.63,0.515,0.375,0.275,0.275,,,0.13,,,,,
2026-02-25,1.8823529411764706,2.02275,1.380952380952381,2.66,medium,0.885,0.845,0.74,0.63,0.535,0.45,0.35,0.315,,,0.165,,,,,
2026-02-26,1.952,2.03025,1.3727272727272726,2.6129032258064515,medium,0.885,0.845,0.735,0.66,0.595,0.47,0.355,0.305,,,0.15,,,,,
2026-02-27,1.925,2.033,1.4095238095238094,2.6363636363636362,medium,0.88,0.84,0.755,0.65,0.575,0.455,0.385,0.315,,,0.15,,,,,
2026-02-28,1.9777777777777779,2.04975,1.3699999999999999,2.618181818181818,medium,0.905,0.835,0.735,0.685,0.62,0.485,0.38,0.31,,,0.145,,,,,
2026-03-01,2.2146341463414636,2.0755,1.3739130434782607,2.618181818181818,medium,0.9,0.85,0.735,0.685,0.575,0.515,0.515,0.31,,,0.145,,,,,
2026-03-02,1.94,2.0385,1.476923076923077,2.58,medium,0.9,0.85,0.775,0.71,0.535,0.485,0.365,0.295,,,0.145,,,,,
2026-03-03,2.0090909090909093,2.0562500000000004,1.4428571428571428,2.625,medium,0.905,0.84,0.765,0.695,0.555,0.505,0.395,0.31,,,0.15,,,,,
2026-03-04,2.0900000000000003,2.14075,1.43,2.796,medium,0.905,0.845,0.765,0.665,0.65,0.545,0.445,0.415,,,0.165,,,,,
2026-03-05,2.2,2.10975,1.45,2.68125,medium,0.905,0.845,0.77,0.69,0.595,0.54,0.5,0.325,,,0.165,,,,,
2026-03-06,2.027027027027027,2.0707500000000003,1.4666666666666666,2.66,medium,0.905,0.845,0.775,0.7,0.58,0.525,0.34,0.315,,,0.165,,,,,
2026-03-07,2.026315789473684,2.07425,1.4857142857142858,2.5999999999999996,medium,0.905,0.845,0.78,0.71,0.595,0.525,0.335,0.285,,,0.18,,,,,
2026-03-08,2.0413793103448277,2.08225,1.4625,2.5999999999999996,medium,0.905,0.845,0.775,0.695,0.6,0.53,0.385,0.285,,,0.18,,,,,
2026-03-09,2.0631578947368423,2.09025,1.457142857142857,2.6639999999999997,medium,0.905,0.845,0.78,0.675,0.6,0.56,0.37,0.305,,,0.18,,,,,
2026-03-10,1.988888888888889,2.0415,1.4631578947368422,2.5875,medium,0.91,0.84,0.78,0.685,0.585,0.495,0.345,0.3,,,0.14,,,,,
2026-03-11,1.925,2.0175,1.4533333333333334,2.55,medium,0.91,0.84,0.77,0.695,0.55,0.47,0.34,0.29,,,0.13,,,,,
2026-03-12,2,2.09275,1.4923076923076923,2.7,medium,0.905,0.84,0.78,0.715,0.565,0.5,0.42,0.325,,,0.175,,,,,
2026-03-13,2,2.1077500000000002,1.4923076923076923,2.7,medium,0.925,0.845,0.78,0.715,0.565,0.5,0.465,0.325,,,0.175,,,,,
2026-03-14,2.0714285714285716,2.1465,1.5,2.772972972972973,medium,0.93,0.855,0.79,0.71,0.645,0.55,0.41,0.365,,,0.18,,,,,
2026-03-15,2.0642857142857145,2.1445,1.5,2.772972972972973,medium,0.93,0.855,0.79,0.71,0.645,0.545,0.405,0.365,,,0.18,,,,,
2026-03-16,2.066666666666667,2.143,1.5058823529411764,2.763157894736842,medium,0.93,0.855,0.795,0.71,0.645,0.545,0.41,0.365,,,0.175,,,,,
2026-03-17,2.11304347826087,2.1769999999999996,1.5272727272727273,2.8058823529411763,medium,0.93,0.855,0.82,0.71,0.66,0.565,0.45,0.365,,,0.195,,,,,
2026-03-18,2.0814814814814815,2.176,1.5478260869565217,2.8166666666666664,medium,0.93,0.855,0.835,0.72,0.65,0.555,0.42,0.375,,,0.195,,,,,
2026-03-19,2.0814814814814815,2.1782500000000002,1.5555555555555556,2.8181818181818183,medium,0.925,0.855,0.855,0.72,0.65,0.555,0.42,0.365,,,0.2,,,,,
2026-03-20,2.0814814814814815,2.17375,1.5457627118644068,2.8058823529411763,medium,0.925,0.8574999999999999,0.8574999999999999,0.71,0.65,0.555,0.42,0.365,,,0.195,,,,,
2026-03-21,2.063636363636364,2.17125,1.5523809523809524,2.8181818181818183,medium,0.925,0.855,0.83,0.725,0.65,0.535,0.425,0.365,,,0.2,,,,,
2026-03-22,2.066666666666667,2.1697499999999996,1.5666666666666667,2.8058823529411763,medium,0.925,0.85,0.825,0.735,0.655,0.535,0.43,0.365,,,0.195,,,,,
2026-03-23,2.0842105263157897,2.17875,1.576470588235294,2.8114285714285714,medium,0.925,0.855,0.825,0.74,0.66,0.54,0.445,0.37,,,0.195,,,,,
2026-03-24,2.0947368421052635,2.18075,1.576470588235294,2.8166666666666664,medium,0.925,0.85,0.825,0.74,0.655,0.545,0.45,0.375,,,0.195,,,,,
2026-03-25,2.0592592592592593,2.16175,1.576470588235294,2.8166666666666664,medium,0.925,0.85,0.825,0.74,0.61,0.54,0.405,0.375,,,0.195,,,,,
2026-03-26,1.9419354838709677,2.06775,1.5862068965517242,2.524137931034483,medium,0.925,0.89,0.885,0.74,0.61,0.455,0.32,0.28,,,0.135,,,,,
2026-03-27,1.915151515151515,2.0564999999999998,1.584,2.55,medium,0.93,0.905,0.865,0.74,0.595,0.43,0.3,0.29,,,0.13,,,,,
2026-03-28,1.896969696969697,2.02075,1.5727272727272728,2.3692307692307693,medium,0.935,0.905,0.845,0.735,0.58,0.415,0.305,0.24,,,0.12,,,,,
2026-03-29,1.8857142857142857,2.02675,1.5923076923076924,2.3833333333333333,medium,0.935,0.905,0.875,0.745,0.575,0.4,0.305,0.245,,,0.12,,,,,
2026-03-30,1.8857142857142857,2.0342499999999997,1.5818181818181818,2.3833333333333333,medium,0.935,0.92,0.85,0.74,0.575,0.4,0.305,0.245,,,0.135,,,,,
2026-03-31,1.8909090909090909,2.0172499999999998,1.5517241379310345,2.3375,medium,0.935,0.915,0.86,0.715,0.575,0.41,0.305,0.225,,,0.125,,,,,
2026-04-01,1.8909090909090909,2.00675,1.5517241379310345,2.3375,medium,0.935,0.915,0.86,0.715,0.575,0.41,0.305,0.225,,,0.11,,,,,
2026-04-02,1.9,2.0492500000000002,1.5785714285714287,2.4,medium,0.935,0.905,0.875,0.735,0.575,0.425,0.305,0.25,,,0.145,,,,,
2026-04-03,1.9,2.04625,1.56,2.4,medium,0.935,0.905,0.83,0.73,0.575,0.425,0.305,0.25,,,0.155,,,,,
2026-04-04,1.9,2.0492500000000002,1.5875000000000001,2.4,medium,0.935,0.91,0.9,0.74,0.575,0.425,0.305,0.25,,,0.135,,,,,
2026-04-05,1.9361702127659575,2.06625,1.5875000000000001,2.4,medium,0.935,0.91,0.9,0.74,0.66,0.425,0.305,0.25,,,0.135,,,,,
2026-04-06,1.9361702127659575,2.07825,1.5611111111111111,2.4,medium,0.935,0.93,0.895,0.715,0.66,0.425,0.305,0.25,,,0.155,,,,,
2026-04-07,1.9361702127659575,2.1012500000000003,1.592857142857143,2.4,medium,0.935,0.92,0.885,0.745,0.66,0.425,0.305,0.25,,,0.185,,,,,
2026-04-08,1.9361702127659575,2.09525,1.5931034482758621,2.4,medium,0.935,0.92,0.89,0.745,0.66,0.425,0.305,0.25,,,0.175,,,,,
2026-04-09,1.9853658536585366,2.1716249999999997,1.6,2.75625,medium,0.9325,0.92,0.885,0.75,0.69,0.485,0.375,0.345,,,0.185,,,,,
2026-04-10,1.9853658536585366,2.169625,1.6666666666666667,2.716666666666667,medium,0.9325,0.925,0.91,0.78,0.69,0.485,0.375,0.345,,,0.165,,,,,
2026-04-11,1.9853658536585366,2.147625,1.5750000000000002,2.6999999999999997,medium,0.9325,0.92,0.89,0.73,0.69,0.485,0.375,0.345,,,0.155,,,,,
2026-04-12,1.9853658536585366,2.147625,1.5750000000000002,2.6999999999999997,medium,0.9325,0.92,0.89,0.73,0.69,0.485,0.375,0.345,,,0.155,,,,,
2026-04-13,1.9853658536585366,2.1626250000000002,1.6153846153846154,2.716666666666667,medium,0.9325,0.925,0.9,0.755,0.69,0.485,0.375,0.345,,,0.165,,,,,
2026-04-14,1.9853658536585366,2.1626250000000002,1.6153846153846154,2.716666666666667,medium,0.9325,0.925,0.9,0.755,0.69,0.485,0.375,0.345,,,0.165,,,,,
2026-04-15,1.9853658536585366,2.156625,1.6153846153846154,2.716666666666667,medium,0.9325,0.91,0.885,0.755,0.69,0.485,0.375,0.345,,,0.165,,,,,
2026-04-16,1.9853658536585366,2.146625,1.6500000000000001,2.685,medium,0.9325,0.91,0.89,0.77,0.69,0.485,0.375,0.345,,,0.145,,,,,
2026-04-17,1.9853658536585366,2.1476249999999997,1.6500000000000001,2.685,medium,0.9325,0.91,0.895,0.77,0.69,0.485,0.375,0.345,,,0.145,,,,,
2026-04-18,1.9853658536585366,2.1476249999999997,1.6500000000000001,2.685,medium,0.9325,0.91,0.895,0.77,0.69,0.485,0.375,0.345,,,0.145,,,,,
2026-04-19,2.0214285714285714,2.155625,1.6500000000000001,2.66,medium,0.9325,0.91,0.895,0.77,0.69,0.515,0.375,0.315,,,0.165,,,,,
2026-04-20,2.0214285714285714,2.159125,1.6500000000000001,2.6689655172413795,medium,0.9325,0.91,0.895,0.77,0.69,0.515,0.375,0.315,,,0.17,,,,,
2026-04-21,2.0214285714285714,2.152125,1.6500000000000001,2.6516129032258062,medium,0.9325,0.91,0.895,0.77,0.69,0.515,0.375,0.315,,,0.16,,,,,
2026-04-22,2.0742857142857143,2.173625,1.7375,2.627586206896552,medium,0.9345,0.915,0.88,0.805,0.725,0.565,0.39,0.305,,,0.16,,,,,
2026-04-23,2.0833333333333335,2.155875,1.71,2.5941176470588236,medium,0.9375,0.905,0.89,0.805,0.705,0.575,0.395,0.305,,,0.135,,,,,
2026-04-24,2.081818181818182,2.150875,1.6842105263157896,2.5818181818181816,medium,0.9335,0.905,0.895,0.79,0.695,0.545,0.435,0.3,,,0.135,,,,,
2026-04-25,2.0500000000000003,2.12075,1.6952380952380952,2.466666666666667,medium,0.935,0.905,0.89,0.8,0.695,0.545,0.365,0.265,,,0.13,,,,,
2026-04-26,2.0358974358974358,2.06575,1.690909090909091,2.356521739130435,medium,0.933,0.91,0.89,0.8,0.69,0.535,0.34,0.225,,,0.085,,,,,
2026-04-27,2.0347826086956524,2.082375,1.6800000000000002,2.3714285714285714,medium,0.9375,0.915,0.88,0.79,0.69,0.54,0.31,0.24,,,0.11,,,,,
2026-04-28,2.0608695652173914,2.099125,1.6800000000000002,2.4,medium,0.9365,0.915,0.885,0.79,0.69,0.57,0.34,0.25,,,0.11,,,,,
2026-04-29,2.102439024390244,2.1784999999999997,1.7466666666666668,2.659090909090909,medium,0.936,0.91,0.895,0.805,0.73,0.605,0.4,0.345,,,0.125,,,,,
2026-04-30,2.1625,2.19475,1.7375,2.6511627906976742,medium,0.933,0.915,0.895,0.805,0.725,0.63,0.47,0.34,,,0.125,,,,,
2026-05-01,2.1435897435897435,2.192125,1.7222222222222223,2.5846153846153843,medium,0.9325,0.905,0.895,0.805,0.715,0.64,0.445,0.29,,,0.16,,,,,
2026-05-02,2.1058823529411765,2.1830000000000003,1.7375,2.632258064516129,medium,0.93,0.905,0.895,0.805,0.725,0.59,0.42,0.31,,,0.155,,,,,
2026-05-03,2.111764705882353,2.1945,1.75,2.664705882352941,medium,0.932,0.905,0.89,0.825,0.725,0.595,0.425,0.325,,,0.155,,,,,
2026-05-04,2.111111111111111,2.1651249999999997,1.75,2.604878048780488,medium,0.9345,0.905,0.89,0.825,0.725,0.6,0.42,0.32,,,0.115,,,,,
2026-05-05,2.1058823529411765,2.167375,1.7444444444444445,2.6232558139534885,medium,0.9355,0.915,0.89,0.815,0.725,0.59,0.42,0.33,,,0.115,,,,,
2026-05-06,2.103225806451613,2.160125,1.7076923076923076,2.631818181818182,medium,0.9345,0.91,0.885,0.82,0.69,0.58,0.425,0.335,,,0.115,,,,,
2026-05-07,2.121212121212121,2.184125,1.78,2.625,medium,0.9345,0.915,0.885,0.84,0.74,0.6,0.435,0.325,,,0.125,,,,,
2026-05-08,2.1151515151515152,2.170625,1.7363636363636363,2.6195121951219513,medium,0.9345,0.915,0.885,0.825,0.715,0.595,0.43,0.325,,,0.12,,,,,
2026-05-09,2.1,2.164125,1.712,2.625,medium,0.9345,0.915,0.885,0.82,0.695,0.615,0.385,0.325,,,0.125,,,,,
2026-05-10,2.1090909090909093,2.1732500000000003,1.7647058823529411,2.6195121951219513,medium,0.937,0.915,0.885,0.82,0.735,0.62,0.4,0.325,,,0.12,,,,,
2026-05-11,2.118181818181818,2.20475,1.8451612903225807,2.646153846153846,medium,0.937,0.915,0.885,0.845,0.785,0.63,0.41,0.33,,,0.135,,,,,
2026-05-12,2.2486486486486488,2.276375,1.9066666666666667,2.7142857142857144,medium,0.9455,0.92,0.895,0.84,0.79,0.715,0.545,0.36,,,0.15,,,,,
2026-05-13,2.1695652173913045,2.253875,1.8166666666666667,2.7136363636363634,medium,0.9495,0.94,0.895,0.845,0.755,0.695,0.465,0.365,,,0.145,,,,,
2026-05-14,2.1782608695652175,2.264625,1.8941176470588235,2.7069767441860466,medium,0.9485,0.94,0.895,0.855,0.79,0.705,0.475,0.36,,,0.145,,,,,
2026-05-15,2.18421052631579,2.261875,1.8636363636363638,2.6999999999999997,medium,0.9435,0.94,0.92,0.85,0.785,0.675,0.485,0.35,,,0.15,,,,,
2026-05-16,2.1944444444444446,2.278125,1.8571428571428572,2.7085714285714286,medium,0.9465,0.94,0.92,0.89,0.78,0.675,0.495,0.34,,,0.165,,,,,
2026-05-17,2.175757575757576,2.2803750000000003,1.8444444444444446,2.721951219512195,medium,0.9595,0.955,0.92,0.91,0.78,0.645,0.48,0.36,,,0.155,,,,,
2026-05-18,2.2058823529411766,2.342375,1.9081081081081082,2.808,medium,0.9775,0.955,0.94,0.92,0.85,0.665,0.505,0.335,,,0.21,,,,,
2026-05-19,2.34,2.4156750000000002,2.006666666666667,2.8392857142857144,medium,0.9775,0.969,0.945,0.935,0.875,0.755,0.605,0.455,,,0.175,,,,,
2026-05-20,2.341666666666667,2.400525,1.9363636363636363,2.8607142857142858,medium,0.9785,0.972,0.94,0.915,0.825,0.715,0.585,0.465,,,0.185,,,,,
2026-05-21,2.219047619047619,2.30785,1.9181818181818182,2.638095238095238,medium,0.984,0.969,0.945,0.905,0.815,0.705,0.51,0.405,0.27,0.165,0.125,0.07,0.065,0.045,0.0265,0.0155
2026-05-22,2.2814814814814817,2.3325500000000003,1.912,2.5942857142857143,medium,0.984,0.965,0.945,0.905,0.82,0.695,0.555,0.42,0.245,0.21,0.145,0.095,0.065,0.0295,0.027,0.0245
2026-05-23,2.309090909090909,2.3165999999999998,1.9238095238095236,2.6222222222222222,medium,0.983,0.971,0.945,0.895,0.815,0.71,0.59,0.425,0.26,0.17,0.135,0.05,0.0345,0.0275,0.025,0.0205
2026-05-24,2.2533333333333334,2.2958,1.896774193548387,2.588888888888889,medium,0.985,0.9715,0.93,0.925,0.825,0.67,0.56,0.335,0.245,0.18,0.125,0.085,0.039,0.026,0.025,0.0225
2026-05-25,2.309090909090909,2.3251749999999998,1.9461538461538461,2.6736842105263157,medium,0.9845,0.969,0.94,0.91,0.845,0.715,0.59,0.425,0.285,0.19,0.105,0.07,0.0555,0.0235,0.0085,0.0055
2026-05-26,2.384,2.3519249999999996,1.9357142857142857,2.68,medium,0.986,0.9735,0.94,0.915,0.845,0.705,0.615,0.49,0.29,0.19,0.125,0.075,0.0395,0.0225,0.01475,0.01475
2026-05-27,2.3555555555555556,2.3563125,1.95,2.7043478260869565,medium,0.9762500000000001,0.9762500000000001,0.94,0.915,0.84,0.72,0.605,0.47,0.31,0.195,0.13,0.075,0.056,0.023,0.016,0.016
2026-05-28,2.376,2.3575249999999994,1.944,2.7027027027027026,medium,0.9775,0.9635,0.935,0.91,0.84,0.715,0.61,0.485,0.345,0.16,0.145,0.065,0.0445,0.025750000000000002,0.025750000000000002,0.0185
2026-05-29,2.347058823529412,2.424375,2.027586206896552,2.808333333333333,medium,0.9835,0.9825,0.979,0.95,0.915,0.77,0.625,0.455,0.345,0.255,0.135,0.075,0.053,0.03,0.028,0.018
2026-05-30,2.3384615384615386,2.3696,1.993103448275862,2.675,medium,0.98,0.9722500000000001,0.9722500000000001,0.9505,0.89,0.745,0.635,0.44,0.295,0.175,0.135,0.065,0.0455,0.0175,0.009999999999999998,0.009999999999999998
2026-05-31,2.342857142857143,2.3547749999999996,1.9823529411764707,2.6685714285714286,medium,0.9875,0.9795,0.963,0.9475,0.905,0.735,0.625,0.45,0.31,0.135,0.095,0.06,0.047,0.009,0.0085,0.008
2026-06-01,2.3083333333333336,2.355975,2.008,2.658333333333333,medium,0.9905,0.9825,0.9705,0.947,0.895,0.755,0.63,0.39,0.285,0.165,0.095,0.06,0.045,0.024,0.019,0.0115
2026-06-02,2.4641509433962265,2.412775,2.048,2.6933333333333334,medium,0.9925,0.9845,0.9775,0.9495,0.895,0.78,0.655,0.585,0.32,0.17,0.095,0.05,0.04,0.0225,0.018,0.0125
2026-06-03,2.3941176470588235,2.3958,2.0521739130434784,2.6666666666666665,medium,0.99,0.983,0.966,0.9445,0.89,0.78,0.665,0.495,0.285,0.18,0.105,0.055,0.0445,0.039,0.0195,0.016
2026-06-04,2.335,2.3874999999999997,2,2.6625,medium,0.981,0.9765,0.964,0.944,0.895,0.75,0.635,0.435,0.275,0.195,0.14,0.085,0.0635,0.0385,0.021,0.0175
2026-06-05,2.1833333333333336,2.1821656317016296,1.9055555555555554,2.367857142857143,medium,0.985,0.9730000000000001,0.958,0.9035,0.845,0.6649999999999999,0.485,0.205,0.105,0.085,0.05500000000000001,0.03516407925407316,0.03516407925407316,0.03,0.021,0.0115
